ID;URL;Источник_сбора;Поисковый_запрос_тип;Позиция_в_выдаче;Заголовок;Домен;P1_Релевантность;P2_Научность;P3_Актуальность;P4_Достоверность;P5_Практическая_ценность;ИКМ;Класс_качества;Тип_источника;DOI;Год
EDUCATION_001;https://link.springer.com/article/10.1007/s11423-019-09678-z;google;education_google_30;1;How research informs educational technology decision;link.springer.com;7;9;5;9;5;7.0;средний;academic;Нет;2020
EDUCATION_002;https://www.classcentral.com/report/mooc-platforms;google;education_google_43;1;Massive List of MOOC Platforms Around the World in 2026;www.classcentral.com;6;5;10;5;5;6.2;средний;blog;Нет;2026
EDUCATION_003;https://alliancefordecisioneducation.org/teach/incubator/media-literacy;google;education_google_1;1;Exploring Decision-Making through Media Literacy;alliancefordecisioneducation.org;9;5;10;5;5;6.8;средний;blog;Нет;2026
EDUCATION_004;https://en.wikipedia.org/wiki/Educational_data_mining;google;education_google_42;1;Educational data mining;en.wikipedia.org;8;5;6;5;5;5.8;низкий;blog;Нет;2024
EDUCATION_005;https://education.ec.europa.eu/focus-topics/digital-education/plan;google;education_google_21;1;Digital Education Action Plan: policy background;education.ec.europa.eu;7;5;10;5;5;6.4;средний;blog;Нет;2025
EDUCATION_006;https://www.academicanalytics.com;google;education_google_32;1;Academic Analytics;www.academicanalytics.com;8;5;6;5;5;5.8;низкий;blog;Нет;2024
EDUCATION_007;https://www.smartsparrow.com/what-is-adaptive-learning;google;education_google_40;1;What is Adaptive Learning?;www.smartsparrow.com;6;5;6;5;5;5.4;низкий;blog;Нет;2024
EDUCATION_008;https://www.sciencedirect.com/science/article/pii/S1877050920314678;google;education_google_22;1;Learning Analytics framework for measuring students';www.sciencedirect.com;6;9;5;9;5;6.8;средний;academic;Нет;2020
EDUCATION_009;https://elearningindustry.com/directory/software-categories/learning-management-systems;google;education_google_31;1;Best Learning Management Systems (LMS) 2026 | Reviews & Pricing;elearningindustry.com;7;5;10;5;5;6.4;средний;blog;Нет;2026
EDUCATION_010;https://www.scribd.com/presentation/438017618/Types-of-Educational-Decision;google;education_google_20;1;Types of Educational Decision Making | PDF;www.scribd.com;7;5;6;5;5;5.6;низкий;blog;Нет;2024
EDUCATION_011;https://en.wikipedia.org/wiki/Student_information_system;google;education_google_41;1;Student information system;en.wikipedia.org;7;5;6;5;5;5.6;низкий;blog;Нет;2024
EDUCATION_012;https://www.researchgate.net/publication/298252001_Educational_Technology_Decision-Making_Technology_Acquisition_for_746000_Ontario_Students;google;education_google_30;2;(PDF) Educational Technology Decision-Making;www.researchgate.net;8;9;6;9;5;7.4;средний;academic;Нет;2024
EDUCATION_013;https://www.coursera.org/courses?query=mooc;google;education_google_43;2;Best MOOC Courses & Certificates [2026];www.coursera.org;10;5;10;5;5;7.0;средний;blog;Нет;2026
EDUCATION_014;https://pedagogie-digitala.ro/articol/RPD_2025_Brazauskiene_educational_decision_making_in_digital_education_a_conceptual_review.pdf;google;education_google_1;2;Educational Decision-Making in Digital Education;pedagogie-digitala.ro;8;5;10;5;5;6.6;средний;blog;Нет;2025
EDUCATION_015;https://media.neliti.com/media/publications/141759-ID-educational-data-mining-konsep-dan-pener.pdf;google;education_google_42;2;EDUCATIONAL DATA MINING (KONSEP DAN;media.neliti.com;6;5;6;5;5;5.4;низкий;blog;Нет;2024
EDUCATION_016;https://www.21kschool.com/vn/blog/digital-technology-in-education;google;education_google_21;2;Digital Technology in Education: A Novel Step For Future;www.21kschool.com;7;5;10;5;5;6.4;средний;blog;Нет;2025
EDUCATION_017;https://proctur.com/blog/school-academic-analytics-tools;google;education_google_32;2;School Academic Analytics Tools for Data-Driven Decisions - Proctur;proctur.com;10;5;6;5;5;6.2;средний;blog;Нет;2024
EDUCATION_018;https://www.hmhco.com/blog/what-is-adaptive-learning-technology?srsltid=AfmBOooNpq8_b2BADhOfqDquvHRmDu15WaoJagOYZS_zk62a9liTX5pa;google;education_google_40;2;What Is Adaptive Learning Technology?;www.hmhco.com;6;5;6;5;5;5.4;низкий;blog;Нет;2024
EDUCATION_019;https://intelliboard.net/blog/learning-analytics-framework;google;education_google_22;2;Six Critical Elements of a Learning Analytics Framework;intelliboard.net;8;5;6;5;5;5.8;низкий;blog;Нет;2024
EDUCATION_020;https://360learning.com/blog/learning-management-system-examples;google;education_google_31;2;16 Best Learning Management System Examples for 2026;360learning.com;7;5;10;5;5;6.4;средний;blog;Нет;2026
EDUCATION_021;https://ideas.repec.org/h/pal/palchp/978-1-137-49385-9_3.html;google;education_google_20;2;Educational Decision-Making;ideas.repec.org;7;5;6;5;5;5.6;низкий;blog;Нет;2024
EDUCATION_022;https://www.ellucian.com/blog/what-student-information-system-higher-ed;google;education_google_41;2;What is a Student Information System (SIS) in Higher Ed?;www.ellucian.com;9;5;6;5;5;6.0;средний;blog;Нет;2024
EDUCATION_023;https://epi.org.uk/wp-content/uploads/2025/12/Edtech-decision-making-and-inclusive-practice-Insights-from-Multi-Academy-Trusts.pdf;google;education_google_30;3;Edtech decision-making and inclusive practice;epi.org.uk;8;5;6;5;6;6.0;средний;blog;Нет;2024
EDUCATION_024;https://www.mooc-list.com/tags/business-analytics;google;education_google_43;3;Business Analytics MOOC and Free Online Courses;www.mooc-list.com;10;5;6;5;5;6.2;средний;blog;Нет;2024
EDUCATION_025;https://egyankosh.ac.in/bitstream/123456789/79434/3/Unit-11.pdf;google;education_google_1;3;UNIT 11 MEDIA INFLUENCE IN EDUCATION;egyankosh.ac.in;8;5;6;5;5;5.8;низкий;blog;Нет;2024
EDUCATION_026;https://www.researchgate.net/publication/359631908_Learning_Analytics_dan_Educational_Data_Mining_pada_Data_Pendidikan;google;education_google_42;3;Learning Analytics dan Educational Data Mining pada;www.researchgate.net;7;9;8;9;5;7.6;средний;academic;Нет;2023
EDUCATION_027;https://www.worldbank.org/ext/en/topic/education/digital-technologies-in-education;google;education_google_21;3;Digital Technologies in Education;www.worldbank.org;7;5;6;5;5;5.6;низкий;blog;Нет;2024
EDUCATION_028;https://sgraf.athabascau.ca/publications/ross_etal_TATA16.pdf;google;education_google_32;3;[PDF] The Academic Analytics Tool: Workflow and Use Cases;sgraf.athabascau.ca;7;5;6;5;5;5.6;низкий;blog;Нет;2024
EDUCATION_029;https://www.montclair.edu/itds/digital-pedagogy/pedagogical-strategies-and-practices/adaptive-learning;google;education_google_40;3;Adaptive Learning;www.montclair.edu;6;5;6;5;6;5.6;низкий;blog;Нет;2024
EDUCATION_030;https://dl.acm.org/doi/fullHtml/10.1145/3506860.3506878;google;education_google_22;3;A Comparison of Learning Analytics Frameworks;dl.acm.org;6;9;7;9;5;7.2;средний;academic;Да;2022
EDUCATION_031;https://www.gartner.com/reviews/market/higher-education-learning-management-systems;google;education_google_31;3;Best Higher Education Learning Management Systems Reviews 2026;www.gartner.com;7;7;10;7;5;7.2;средний;industry;Нет;2026
EDUCATION_032;https://teachers.institute/operational-dimensions-education/decision-making-education-overview;google;education_google_20;3;Decision-Making in Education: A Comprehensive Overview;teachers.institute;8;5;9;5;5;6.4;средний;blog;Нет;2024
EDUCATION_033;https://www.dreamclass.io/what-is-a-student-information-system-sis;google;education_google_41;3;What is a Student Information System (SIS)?;www.dreamclass.io;8;5;6;5;5;5.8;низкий;blog;Нет;2024
EDUCATION_034;https://pmc.ncbi.nlm.nih.gov/articles/PMC9981249;google;education_google_30;4;Developing faculty EdTech instructional decision-making;pmc.ncbi.nlm.nih.gov;7;9;8;9;5;7.6;средний;academic;Нет;2023
EDUCATION_035;https://www.my-mooc.com/en/categorie/data-analysis;google;education_google_43;4;Learn with MOOCs about Data Analysis;www.my-mooc.com;6;5;6;5;5;5.4;низкий;blog;Нет;2024
EDUCATION_036;https://www.ijser.in/archives/v2i3/SjIwMTMxNTg=.pdf;google;education_google_1;4;Education and Role of Media in Education System;www.ijser.in;7;5;6;5;5;5.6;низкий;blog;Нет;2024
EDUCATION_037;https://jtit.polije.ac.id/index.php/jtit/article/view/434;google;education_google_42;4;Educational Data Mining for Student Academic Performance;jtit.polije.ac.id;6;5;9;5;5;6.0;средний;blog;Нет;2024
EDUCATION_038;https://www.unesco.org/en/digital-education;google;education_google_21;4;Digital learning and transformation of education;www.unesco.org;7;5;6;5;5;5.6;низкий;blog;Нет;2024
EDUCATION_039;https://www.coursera.org/articles/data-analysis-tools;google;education_google_32;4;15 Data Analysis Tools and When to Use Them - Coursera;www.coursera.org;7;5;6;5;5;5.6;низкий;blog;Нет;2024
EDUCATION_040;https://en.wikipedia.org/wiki/Adaptive_learning;google;education_google_40;4;Adaptive learning;en.wikipedia.org;6;5;6;5;6;5.6;низкий;blog;Нет;2024
EDUCATION_041;https://blog.zoola.io/zoola-elearning-analytics-blog/six-key-components-of-a-learning-analytics-framework;google;education_google_22;4;Six Key Components of a Learning Analytics Framework;blog.zoola.io;6;5;8;5;5;5.8;низкий;blog;Нет;2023
EDUCATION_042;https://www.gethownow.com/blog/top-5-learning-management-systems-of-2026;google;education_google_31;4;Top 5 Learning Management Systems of 2026 - HowNow;www.gethownow.com;8;5;10;5;5;6.6;средний;blog;Нет;2026
EDUCATION_043;https://www.researchgate.net/publication/375498147_Educational_Decision-Making-a_Case_Study;google;education_google_20;4;(PDF) Educational Decision-Making–a Case Study;www.researchgate.net;7;9;6;9;5;7.2;средний;academic;Нет;2024
EDUCATION_044;https://learn.microsoft.com/en-us/microsoft-365/education/guide/1-reference/baseline-reference-sis;google;education_google_41;4;Student Information Systems (SIS) - M365 Education;learn.microsoft.com;9;7;10;7;5;7.6;средний;industry;Нет;2025
EDUCATION_045;https://www.sciencedirect.com/science/article/pii/S2950550X25000354;google;education_google_30;5;Decision-making criteria for AI tools in digital education;www.sciencedirect.com;9;9;10;9;5;8.4;высокий;academic;Нет;2025
EDUCATION_046;https://edtechmagazine.com/higher/article/2014/02/comparison-five-free-mooc-platforms-educators;google;education_google_43;5;A Comparison of Five Popular MOOC Platforms for Educators;edtechmagazine.com;6;5;6;5;5;5.4;низкий;blog;Нет;2024
EDUCATION_047;https://opentextbc.ca/teachinginadigitalage/part/9-pedagogical-differences-between-media;google;education_google_1;5;the SECTIONS model – Teaching in a Digital Age;opentextbc.ca;10;5;6;5;5;6.2;средний;blog;Нет;2024
EDUCATION_048;https://www.sciencedirect.com/topics/computer-science/educational-data-mining;google;education_google_42;5;Educational Data Mining - an overview;www.sciencedirect.com;7;9;6;9;5;7.2;средний;academic;Нет;2024
EDUCATION_049;https://fmit.vn/en/glossary/educational-technology-and-digital-learning-in-education-la-gi;google;education_google_21;5;Educational Technology and Digital Learning in Education;fmit.vn;7;5;6;5;5;5.6;низкий;blog;Нет;2024
EDUCATION_050;https://learningsciences.smu.edu/blog/learning-analytics-tools;google;education_google_32;5;Top learning analytics tools for modern educators;learningsciences.smu.edu;9;5;6;5;5;6.0;средний;blog;Нет;2024
EDUCATION_051;https://www.coursera.org/articles/adaptive-learning;google;education_google_40;5;What Is Adaptive Learning?;www.coursera.org;7;5;10;5;5;6.4;средний;blog;Нет;2025
EDUCATION_052;https://www.researchgate.net/publication/335543522_Learning_Analytics_Framework_for_Adaptive_E-learning_System_to_Monitor_the_Learner%27s_Activities;google;education_google_22;5;(PDF) Learning Analytics Framework for Adaptive E-;www.researchgate.net;6;9;6;9;5;7.0;средний;academic;Нет;2024
EDUCATION_053;https://www.elucidat.com/blog/top-elearning-lms-platforms;google;education_google_31;5;What Are The Best LMS Training Platforms For Employees? - Elucidat;www.elucidat.com;8;5;6;5;5;5.8;низкий;blog;Нет;2024
EDUCATION_054;https://www.eastern.edu.au/unit/ed521-educational-decision-making;google;education_google_20;5;ED521 Educational Decision Making;www.eastern.edu.au;7;5;6;5;5;5.6;низкий;blog;Нет;2024
EDUCATION_055;https://www.blackbaud.com/industry-insights/glossary/what-is-a-student-information-system-sis;google;education_google_41;5;What is a Student Information System (SIS)?;www.blackbaud.com;9;5;6;5;5;6.0;средний;blog;Нет;2024
EDUCATION_056;https://mis.alagappauniversity.ac.in/siteAdmin/dde-admin/uploads/4/__UG_B.Ed._Education_70141%20-%20Educational%20Technology_4262.pdf;google;education_google_30;6;UNIT- I CONCEPT OF EDUCATIONAL TECHNOLOGY;mis.alagappauniversity.ac.in;9;5;6;5;5;6.0;средний;blog;Нет;2024
EDUCATION_057;https://www.esri.com/training/mooc;google;education_google_43;6;Esri MOOCs | Discover What's Possible with ArcGIS;www.esri.com;6;5;6;5;5;5.4;низкий;blog;Нет;2024
EDUCATION_058;https://www.linkedin.com/pulse/role-media-literacy-decision-making-gijo-k-john-;google;education_google_1;6;The Role Of Media Literacy In Decision Making;www.linkedin.com;8;5;6;5;5;5.8;низкий;media;Нет;2024
EDUCATION_059;https://www.emerald.com/idd/article/52/2/149/1213144/Educational-data-mining-and-learning-analytics-a;google;education_google_42;6;Educational data mining and learning analytics: a review of;www.emerald.com;7;5;9;5;5;6.2;средний;blog;Нет;2024
EDUCATION_060;https://www.twinkl.com.vn/teaching-wiki/digital-learning;google;education_google_21;6;Digital Learning – Technology – Uses in Education;www.twinkl.com.vn;7;5;6;5;5;5.6;низкий;blog;Нет;2024
EDUCATION_061;https://www.usf.edu/ods/data-tools/academic_analytics.aspx;google;education_google_32;6;Tools - Academic Analytics - University of South Florida;www.usf.edu;8;5;6;5;5;5.8;низкий;blog;Нет;2024
EDUCATION_062;https://solaresearch.org/wp-content/uploads/hla22/HLA22_Chapter_23_Scheffel.pdf;google;education_google_22;6;Chapter 23: Learning Analytics Policies;solaresearch.org;7;5;6;5;5;5.6;низкий;blog;Нет;2024
EDUCATION_063;https://raccoongang.com/blog/lms-comparison-what-lms-suits-your-needs-best;google;education_google_31;6;LMS Comparison 2026: Which LMS Fits Your Needs Best?;raccoongang.com;7;5;10;5;5;6.4;средний;blog;Нет;2026
EDUCATION_064;https://distriktssenteret.no/wp-content/uploads/2020/09/Educational-Decision-MakingThe-Significance-of-Class-and-Context.pdf;google;education_google_20;6;Educational Decision-Making;distriktssenteret.no;7;5;6;5;5;5.6;низкий;blog;Нет;2024
EDUCATION_065;https://www.itgsolutions.com/en/solutions/education/eduwave-higher-education/student-information-system-sis;google;education_google_41;6;Student Information System (SIS) Software | EduWave®;www.itgsolutions.com;10;5;6;5;5;6.2;средний;blog;Нет;2024
EDUCATION_066;https://pedagogie-digitala.ro/educational-decision-making-in-digital-education-a-conceptual_review;google;education_google_30;7;Educational Decision-Making in Digital Education;pedagogie-digitala.ro;9;5;10;5;5;6.8;средний;blog;Нет;2025
EDUCATION_067;https://groups.csail.mit.edu/EVO-DesignOpt/groupWebSite/uploads/Site/prestonThompson.pdf;google;education_google_43;7;MOOCviz 2.0: A Collaborative MOOC Analytics Visualization;groups.csail.mit.edu;8;5;6;5;5;5.8;низкий;blog;Нет;2024
EDUCATION_068;https://www.researchgate.net/publication/290908697_Media_and_Policy_in_Education;google;education_google_1;7;(PDF) Media and Policy in Education;www.researchgate.net;6;9;6;9;5;7.0;средний;academic;Нет;2024
EDUCATION_069;https://thesai.org/Publications/ViewPaper?Volume=11&Issue=4&Code=IJACSA&SerialNo=94;google;education_google_42;7;Educational Data Mining Applications and Techniques;thesai.org;6;5;6;5;5;5.4;низкий;blog;Нет;2024
EDUCATION_070;https://link.springer.com/subjects/digital-education-and-educational-technology;google;education_google_21;7;Digital Education and Educational Technology - Springer;link.springer.com;8;9;6;9;6;7.6;средний;academic;Нет;2024
EDUCATION_071;https://www.classter.com/blog/edtech/analytics-tools-in-school-management-systems-for-higher-education;google;education_google_32;7;Analytics Tools in School Management Systems for Higher Education;www.classter.com;10;5;6;5;5;6.2;средний;blog;Нет;2024
EDUCATION_072;https://www.flowsparks.com/resources/adaptive-learning-technology;google;education_google_40;7;Adaptive learning technology explained: Benefits;www.flowsparks.com;7;5;10;5;5;6.4;средний;blog;Нет;2025
EDUCATION_073;https://www.jstor.org/stable/48707972;google;education_google_22;7;A Learning Analytics Framework Based on Human-;www.jstor.org;6;5;8;5;5;5.8;низкий;blog;Нет;2023
EDUCATION_074;https://www.docebo.com/learning-network/blog/enterprise-lms;google;education_google_31;7;15 Best Enterprise Learning Management Systems - Docebo;www.docebo.com;8;5;6;5;5;5.8;низкий;blog;Нет;2024
EDUCATION_075;https://alliancefordecisioneducation.org/what-is-decision-education;google;education_google_20;7;What is Decision Education?;alliancefordecisioneducation.org;7;5;10;5;5;6.4;средний;blog;Нет;2025
EDUCATION_076;https://jenzabar.com/question/what-is-a-student-information-system;google;education_google_41;7;What is a Student Information System? - Jenzabar;jenzabar.com;9;5;6;5;5;6.0;средний;blog;Нет;2024
EDUCATION_077;https://files.eric.ed.gov/fulltext/ED602951.pdf;google;education_google_30;8;EdTech Decision-making in Higher Education - ERIC;files.eric.ed.gov;7;5;6;5;5;5.6;низкий;blog;Нет;2024
EDUCATION_078;https://www.sciencedirect.com/science/article/pii/S0360131521003031;google;education_google_43;8;Large scale analytics of global and regional MOOC providers;www.sciencedirect.com;7;9;7;9;5;7.4;средний;academic;Нет;2022
EDUCATION_079;https://mediasmarts.ca/digital-media-literacy/general-information/digital-media-literacy-fundamentals/what-media%C2%A0education;google;education_google_1;8;What is Media Education?;mediasmarts.ca;6;5;6;5;5;5.4;низкий;blog;Нет;2024
EDUCATION_080;https://journal.unj.ac.id/unj/index.php/jrpms/article/view/26575;google;education_google_42;8;Learning Analytics dan Educational Data Mining pada;journal.unj.ac.id;7;5;7;5;5;5.8;низкий;blog;Нет;2022
EDUCATION_081;https://alterainstitute.com/blog/what-is-digital-education;google;education_google_21;8;What is Digital Education?;alterainstitute.com;7;5;10;5;5;6.4;средний;blog;Нет;2025
EDUCATION_082;https://aire.ku.edu/academic-analytics;google;education_google_32;8;Academic Analytics | Analytics, Institutional Research, & Effectiveness;aire.ku.edu;6;5;6;5;5;5.4;низкий;blog;Нет;2024
EDUCATION_083;https://www.idreameducation.org/blog/adaptive-learning-technology-for-schools;google;education_google_40;8;Adaptive Learning Technology;www.idreameducation.org;7;5;6;5;5;5.6;низкий;blog;Нет;2024
EDUCATION_084;https://pollution.sustainability-directory.com/term/learning-analytics-frameworks;google;education_google_22;8;Learning Analytics Frameworks → Term;pollution.sustainability-directory.com;7;5;10;5;5;6.4;средний;blog;Нет;2025
EDUCATION_085;https://www.joomlms.com/learning-management-system-comparison.html;google;education_google_31;8;Learning Management Systems Comparison| JoomlaLMS;www.joomlms.com;7;5;6;5;5;5.6;низкий;blog;Нет;2024
EDUCATION_086;https://peatc.org/educational-decision-making-overview;google;education_google_20;8;Educational Decision-Making – Overview;peatc.org;7;5;6;5;5;5.6;низкий;blog;Нет;2024
EDUCATION_087;https://www.classe365.com/blog/understanding-student-information-systems-in-modern-education;google;education_google_41;8;Student Information Systems in Modern Education;www.classe365.com;9;5;10;5;5;6.8;средний;blog;Нет;2025
EDUCATION_088;https://www.academia.edu/33355802/EdTech_Decision_making_in_Higher_Education_Summary_pdf_2017_;google;education_google_30;9;EdTech Decision-making in Higher Education_Summary.;www.academia.edu;8;5;6;5;5;5.8;низкий;blog;Нет;2024
EDUCATION_089;https://eldalab.in;google;education_google_43;9;e-Learning & Data Analytics Lab – IIIT Kota;eldalab.in;8;5;6;5;5;5.8;низкий;blog;Нет;2024
EDUCATION_090;https://thejournal.com/articles/2025/07/30/teaching-media-literacy-start-by-teaching-decision-making.aspx;google;education_google_1;9;Teaching Media Literacy? Start by Teaching Decision-;thejournal.com;8;5;10;5;5;6.6;средний;blog;Нет;2025
EDUCATION_091;https://educationaldatamining.org;google;education_google_42;9;Educational Data Mining;educationaldatamining.org;6;5;6;5;5;5.4;низкий;blog;Нет;2024
EDUCATION_092;https://www.digitaleducationcouncil.com;google;education_google_21;9;Digital Education Council | Home;www.digitaleducationcouncil.com;6;5;6;5;5;5.4;низкий;blog;Нет;2024
EDUCATION_093;https://ischool.syracuse.edu/data-analytics-tools;google;education_google_32;9;Top 15 Data Analytics Tools You Should Be Using in 2025;ischool.syracuse.edu;8;5;10;5;5;6.6;средний;blog;Нет;2025
EDUCATION_094;https://journal.alt.ac.uk/index.php/rlt/article/view/3127/3184;google;education_google_22;9;Exploring learning analytics practices and their benefits;journal.alt.ac.uk;6;5;10;5;6;6.4;средний;blog;Нет;2025
EDUCATION_095;https://www.capterra.com/learning-management-system-software;google;education_google_31;9;Best Learning Management System Software 2026 | Capterra;www.capterra.com;7;5;10;5;5;6.4;средний;blog;Нет;2026
EDUCATION_096;https://www.jstor.org/stable/10.1086/655751;google;education_google_20;9;The Structure of Educational Decision Making and;www.jstor.org;8;5;6;5;5;5.8;низкий;blog;Нет;2024
EDUCATION_097;https://goedmo.com/blog/what-is-student-information-system-5-best-examples;google;education_google_41;9;What is Student Information System: 5 Best Examples - EDMO;goedmo.com;9;5;10;5;5;6.8;средний;blog;Нет;2025
EDUCATION_098;https://edtechmagazine.com/higher/article/2024/04/why-faculty-should-be-part-technology-decision-making;google;education_google_30;10;Why Faculty Should Be Part of Technology Decision-Making;edtechmagazine.com;8;5;9;5;6;6.6;средний;blog;Нет;2024
EDUCATION_099;https://link.springer.com/article/10.1007/s12528-024-09413-5;google;education_google_43;10;Integrating actionable analytics into learning design for;link.springer.com;6;9;6;9;6;7.2;средний;academic;Нет;2024
EDUCATION_100;https://alliancefordecisioneducation.org/wp-content/uploads/2024/10/Decision-Education-and-Media-Literacy.pdf;google;education_google_1;10;Decision Education and Media Literacy;alliancefordecisioneducation.org;8;5;6;5;5;5.8;низкий;blog;Нет;2024
EDUCATION_101;https://www.cmu.edu/datalab/getting-started/what-is-edm.html;google;education_google_42;10;What is Educational Data Mining (EDM)? - What is EDM? - DataLab;www.cmu.edu;7;5;6;5;5;5.6;низкий;blog;Нет;2024
EDUCATION_102;https://www.sciencedirect.com/science/article/pii/S2666412722000137;google;education_google_21;10;Understanding the role of digital technologies in education;www.sciencedirect.com;7;9;6;9;5;7.2;средний;academic;Нет;2024
EDUCATION_103;https://www.gartner.com/reviews/market/higher-education-analytics-platforms;google;education_google_32;10;Best Higher Education Analytics Platforms Reviews 2026;www.gartner.com;7;7;10;7;5;7.2;средний;industry;Нет;2026
EDUCATION_104;https://educationaltechnology.net/adaptive-learning-what-is-it-what-are-its-benefits-and-how-does-it-work;google;education_google_40;10;Adaptive Learning: What is It, What are its Benefits and How;educationaltechnology.net;9;5;6;5;5;6.0;средний;blog;Нет;2024
EDUCATION_105;https://ieeexplore.ieee.org/document/9988517;google;education_google_22;10;Learner Modeling Framework Based on Learning Analytics;ieeexplore.ieee.org;8;9;7;9;5;7.6;средний;academic;Нет;2022
EDUCATION_106;https://www.ispring.com/knowledge-hub/enterprise-lms;google;education_google_31;10;The 12 Best Enterprise LMS Platforms in 2026;www.ispring.com;6;5;10;5;5;6.2;средний;blog;Нет;2026
EDUCATION_107;https://www.decisioneducation.org;google;education_google_20;10;The Decision Education Foundation | DEF;www.decisioneducation.org;6;5;6;5;5;5.4;низкий;blog;Нет;2024
EDUCATION_108;https://softwareconnect.com/roundups/best-student-information-systems;google;education_google_41;10;8 Best Student Information Systems (SIS) 2025 - Software Connect;softwareconnect.com;8;5;10;5;5;6.6;средний;blog;Нет;2025
EDUCATION_109;https://ci.unt.edu/tcet/research-projects/educational-data-mining-and-learning-analytics.html;scholar;education_scholar_41;1;Educational Data Mining and Learning Analytics;ci.unt.edu;8;5;6;5;5;5.8;низкий;blog;Нет;2024
EDUCATION_110;https://www.researchgate.net/publication/377098390_Decision_Support_Systems_in_Education_A_Revolutionary_Approach_to_Teaching_and_Learning;scholar;education_scholar_20;1;Decision Support Systems in Education: A Revolutionary;www.researchgate.net;10;9;8;9;6;8.4;высокий;academic;Нет;2023
EDUCATION_111;https://www.researchgate.net/publication/384104309_Digital_Media_Literacy_Education_And_Social_Development_A_Study_On_The_Need_Of_Digital_Media_Literacy_Education_Among_The_School_Students_Of_Tonk_District_Of_Rajasthan_State_In_India;scholar;education_scholar_1;1;A Study On The Need Of Digital Media Literacy Education Among The School Students Of Tonk District O;www.researchgate.net;9;9;9;9;5;8.2;высокий;academic;Нет;2024
EDUCATION_112;https://www.kaggle.com/datasets/programmer3/adaptive-learning-personalization-dataset;scholar;education_scholar_40;1;Adaptive Learning Personalization Dataset;www.kaggle.com;8;5;6;5;5;5.8;низкий;blog;Нет;2024
EDUCATION_113;https://pubmed.ncbi.nlm.nih.gov/35399780;scholar;education_scholar_30;1;Educational Technology Adoption: A systematic review;pubmed.ncbi.nlm.nih.gov;8;5;7;5;5;6.0;средний;blog;Нет;2022
EDUCATION_114;https://www.researchgate.net/publication/310500858_Academic_decision_making_model_for_higher_education_institutions_using_learning_analytics;scholar;education_scholar_21;1;Academic decision making model for higher education;www.researchgate.net;8;9;10;9;5;8.2;высокий;academic;Нет;2026
EDUCATION_115;https://www.sciencedirect.com/science/article/pii/S1877050925008543;scholar;education_scholar_31;1;Academic Performance Analysis of Diploma Students;www.sciencedirect.com;6;9;10;9;5;7.8;средний;academic;Нет;2025
EDUCATION_116;https://www.sciencedirect.com/science/article/pii/S2666920X24000456;scholar;education_scholar_20;2;Data mining-based decision support system for;www.sciencedirect.com;9;9;9;9;5;8.2;высокий;academic;Нет;2024
EDUCATION_117;https://www.frontiersin.org/journals/education/articles/10.3389/feduc.2024.1379755/full;scholar;education_scholar_1;2;How schoolchildren use digital media in class and outside of school over several weeks: a quantitati;www.frontiersin.org;7;9;9;9;5;7.8;средний;academic;Нет;2024
EDUCATION_118;https://www.researchgate.net/publication/391278918_Key_factors_influencing_educational_technology_adoption_in_higher_education_A_systematic_review;scholar;education_scholar_30;2;(PDF) Key factors influencing educational technology;www.researchgate.net;8;9;10;9;6;8.4;высокий;academic;Нет;2026
EDUCATION_119;https://www.lamsade.dauphine.fr/~tsoukias/download/books/Book.pdf;scholar;education_scholar_21;2;EVALUATION AND DECISION MODELS: - Lamsade;www.lamsade.dauphine.fr;7;5;6;5;5;5.6;низкий;blog;Нет;2024
EDUCATION_120;https://ceur-ws.org/Vol-3372/paper07.pdf;scholar;education_scholar_31;2;Data Analytics, Students' Academic Performance and;ceur-ws.org;9;5;7;5;5;6.2;средний;blog;Нет;2022
EDUCATION_121;https://journal.esrgroups.org/jes/article/view/3084;scholar;education_scholar_20;3;Design and Application of Decision Support System for;journal.esrgroups.org;9;5;9;5;6;6.8;средний;blog;Нет;2024
EDUCATION_122;https://www.sciencedirect.com/science/article/pii/S2666557321000392;scholar;education_scholar_1;3;Digital media in institutional informal learning places: A systematic literature review;www.sciencedirect.com;8;9;7;9;5;7.6;средний;academic;Нет;2022
EDUCATION_123;https://journals.plos.org/digitalhealth/article?id=10.1371/journal.pdig.0000764;scholar;education_scholar_30;3;Key factors influencing educational technology adoption in;journals.plos.org;7;5;10;5;5;6.4;средний;blog;Нет;2025
EDUCATION_124;https://seaopenresearch.eu/Journals/articles/SPAS_5_59.pdf;scholar;education_scholar_21;3;A MODEL OF STUDENTS' UNIVERSITY DECISION;seaopenresearch.eu;7;5;6;5;5;5.6;низкий;blog;Нет;2024
EDUCATION_125;https://www.classe365.com/blog/how-to-use-data-analytics-to-improve-student-performance;scholar;education_scholar_31;3;How to Use Data Analytics to Improve Student Performance?;www.classe365.com;7;5;9;5;5;6.2;средний;blog;Нет;2024
EDUCATION_126;https://www.researchgate.net/publication/385393562_Educational_Data_Mining_and_Learning_Analytics;scholar;education_scholar_41;4;(PDF) Educational Data Mining and Learning Analytics;www.researchgate.net;8;9;9;9;6;8.2;высокий;academic;Нет;2024
EDUCATION_127;https://www.ijais.org/archives/volume9/number2/765-1366;scholar;education_scholar_20;4;Decision Support Systems (DSS) in Higher Education System;www.ijais.org;8;5;6;5;5;5.8;низкий;blog;Нет;2024
EDUCATION_128;https://sciencescholar.us/journal/index.php/ijhs/article/view/6344;scholar;education_scholar_1;4;Influence of digital marketing in students' decision-making process for enrollment in higher educati;sciencescholar.us;10;5;7;5;5;6.4;средний;blog;Нет;2022
EDUCATION_129;https://elearningindustry.com/adaptive-learning-personalized-education-in-the-digital-age;scholar;education_scholar_40;4;Adaptive Learning: Personalized Education In The Digital;elearningindustry.com;6;5;8;5;5;5.8;низкий;blog;Нет;2023
EDUCATION_130;https://link.springer.com/article/10.1007/s44217-026-01192-8;scholar;education_scholar_30;4;Determinants of educational technology adoption among;link.springer.com;6;9;10;9;5;7.8;средний;academic;Нет;2026
EDUCATION_131;https://hr.mit.edu/learning-topics/teams/articles/models;scholar;education_scholar_21;4;Decision-Making Models;hr.mit.edu;9;5;6;5;6;6.2;средний;blog;Нет;2024
EDUCATION_132;https://medium.com/@uthmanabdulquadir95/analyzing-student-academic-performance-with-data-analytics-0b8f84bbe403;scholar;education_scholar_31;4;📊 Analyzing Student Academic Performance with Data;medium.com;7;5;6;5;5;5.6;низкий;media;Нет;2024
EDUCATION_133;https://smowl.net/en/blog/educational-data-mining-guide-examples;scholar;education_scholar_41;5;Educational data mining: what is it and examples;smowl.net;9;5;10;5;5;6.8;средний;blog;Нет;2025
EDUCATION_134;https://ieeexplore.ieee.org/document/6169819;scholar;education_scholar_20;5;A Knowledge-Driven Educational Decision Support System;ieeexplore.ieee.org;7;9;6;9;5;7.2;средний;academic;Нет;2024
EDUCATION_135;https://ic4ml.org/blogs/doctoral-summer-school-research-on-digital-media-and-information-literacy;scholar;education_scholar_1;5;Doctoral Summer School - Research on Digital, Media and Information Literacy - Blogs;ic4ml.org;8;5;10;5;5;6.6;средний;blog;Нет;2026
EDUCATION_136;https://qjss.com.pk/index.php/qjss/article/view/162;scholar;education_scholar_30;5;Barriers to Educational Technology Adoption: Navigating;qjss.com.pk;6;5;9;5;5;6.0;средний;blog;Нет;2024
EDUCATION_137;https://aztechtraining.com/articles/what-are-decision-making-models-types-of-decision-making-models;scholar;education_scholar_21;5;What Are Decision-Making Models? Types of;aztechtraining.com;8;5;10;5;5;6.6;средний;blog;Нет;2025
EDUCATION_138;https://dialnet.unirioja.es/descarga/articulo/9956093.pdf;scholar;education_scholar_31;5;Data Analysis and Prediction of Student Academic;dialnet.unirioja.es;8;5;9;5;5;6.4;средний;blog;Нет;2024
EDUCATION_139;https://www.mdpi.com/2673-8392/4/4/108;scholar;education_scholar_41;6;Educational Data Mining: A Foundational Overview;www.mdpi.com;7;9;9;9;6;8.0;высокий;academic;Нет;2024
EDUCATION_140;https://journal.staihubbulwathan.id/index.php/alishlah/article/download/4120/1883;scholar;education_scholar_20;6;Designing a Decision Support System for Educational;journal.staihubbulwathan.id;8;5;8;5;5;6.2;средний;blog;Нет;2023
EDUCATION_141;https://www.researchgate.net/publication/383156553_IMPACT_OF_SOCIAL_MEDIA_ON_THE_DECISION-MAKING_PROCESS_OF_STUDENT;scholar;education_scholar_1;6;(PDF) IMPACT OF SOCIAL MEDIA ON THE DECISION-MAKING PROCESS OF STUDENT;www.researchgate.net;8;9;9;9;5;8.0;высокий;academic;Нет;2024
EDUCATION_142;https://www.mdpi.com/2071-1050/17/8/3592;scholar;education_scholar_30;6;Toward Sustainable Education: A Contextualized Model for;www.mdpi.com;7;9;10;9;5;8.0;высокий;academic;Нет;2025
EDUCATION_143;https://www.aacrao.org/resources/newsletters-blogs/aacrao-connect/article/field-notes--6-models-for-decision-making-in-higher-education;scholar;education_scholar_21;6;6 models for decision-making in higher education;www.aacrao.org;9;5;6;5;5;6.0;средний;blog;Нет;2024
EDUCATION_144;https://www.kaggle.com/datasets/emanfatima2/student-academic-performance-analysis-dataset;scholar;education_scholar_31;6;Student Academic Performance Analysis Dataset;www.kaggle.com;6;5;6;5;5;5.4;низкий;blog;Нет;2024
EDUCATION_145;https://learninganalytics.upenn.edu/ryanbaker/Chapter12BakerSiemensv3.pdf;scholar;education_scholar_41;7;13 Learning Analytics and Educational Data Mining;learninganalytics.upenn.edu;9;5;6;5;6;6.2;средний;blog;Нет;2024
EDUCATION_146;https://online-journals.org/index.php/i-jet/article/view/9582;scholar;education_scholar_20;7;A Data Driven Educational Decision Support System;online-journals.org;10;5;6;5;5;6.2;средний;blog;Нет;2024
EDUCATION_147;https://www.mdpi.com/2071-1050/17/3/1133;scholar;education_scholar_40;7;The Moderating Role of Digital Literacy;www.mdpi.com;7;9;10;9;5;8.0;высокий;academic;Нет;2025
EDUCATION_148;https://files.eric.ed.gov/fulltext/EJ901292.pdf;scholar;education_scholar_30;7;Adoption of Educational Technology: How Does Gender;files.eric.ed.gov;6;5;6;5;5;5.4;низкий;blog;Нет;2024
EDUCATION_149;https://fiveable.me/educational-leadership/unit-7/models-decision-making-educational-contexts/study-guide/0sRO5BAW6hzmyuMn;scholar;education_scholar_21;7;7.1 Models of Decision-Making in Educational Contexts;fiveable.me;8;5;6;5;5;5.8;низкий;blog;Нет;2024
EDUCATION_150;https://www.ijiet.org/list-197-1.html;scholar;education_scholar_41;8;Educational Data Mining (EDM) and Learning Analytics (LA);www.ijiet.org;7;5;6;5;5;5.6;низкий;blog;Нет;2024
EDUCATION_151;https://alliancefordecisioneducation.org/blog/how-skills-found-in-decision-education-and-media-literacy-empower-students;scholar;education_scholar_1;8;How Skills Found in Decision Education and Media Literacy Empower Students;alliancefordecisioneducation.org;8;5;8;5;5;6.2;средний;blog;Нет;2023
EDUCATION_152;https://www.emerald.com/heed/article-pdf/doi/10.1108/HEED-07-2024-0033/9743930/heed-07-2024-0033.pdf;scholar;education_scholar_30;8;a systematic review of factors influencing EdTech adoption;www.emerald.com;6;5;9;5;5;6.0;средний;blog;Да;2024
EDUCATION_153;https://www.ncbi.nlm.nih.gov/books/NBK127474;scholar;education_scholar_21;8;Overview of Decision Models Used in Research - NCBI;www.ncbi.nlm.nih.gov;7;5;6;5;5;5.6;низкий;blog;Нет;2024
EDUCATION_154;https://pdfs.semanticscholar.org/e910/33afc51ed402e058ed8aaf83aa8fb190c7cb.pdf;scholar;education_scholar_31;8;Data Visualization of Student Academic Performance;pdfs.semanticscholar.org;7;9;6;9;5;7.2;средний;academic;Нет;2024
EDUCATION_155;https://apsce.net/groups/sig-10-learning-analytics-and-educational-data-mining-laedm;scholar;education_scholar_41;9;Learning Analytics and Educational Data Mining (LAEDM);apsce.net;8;5;6;5;5;5.8;низкий;blog;Нет;2024
EDUCATION_156;https://ebooks.inflibnet.ac.in/mgmtp06/chapter/decision-support-systems;scholar;education_scholar_20;9;15. Decision Support Systems;ebooks.inflibnet.ac.in;8;5;6;5;5;5.8;низкий;blog;Нет;2024
EDUCATION_157;https://www.coursera.org/articles/adaptive-learning-platforms;scholar;education_scholar_40;9;Adaptive Learning Platforms: How AI Powers Personalized;www.coursera.org;7;5;10;5;5;6.4;средний;blog;Нет;2025
EDUCATION_158;https://rsisinternational.org/journals/ijriss/articles/challenges-and-impacts-of-technology-adoption-in-education-a-systematic-literature-review;scholar;education_scholar_30;9;Challenges and Impacts of Technology Adoption in;rsisinternational.org;8;5;10;5;5;6.6;средний;blog;Нет;2025
EDUCATION_159;https://journals.aom.org/doi/10.5465/255259;scholar;education_scholar_21;9;Decision Theory in Academic Administration - AOM Journals;journals.aom.org;7;5;6;5;5;5.6;низкий;blog;Да;2024
EDUCATION_160;https://www.researchgate.net/publication/398937586_Student_Performance_Analytics;scholar;education_scholar_31;9;(PDF) Student Performance Analytics;www.researchgate.net;9;9;10;9;6;8.6;высокий;academic;Нет;2025
EDUCATION_161;https://dasci.es/en/linea-investigacion/educational-learning-analytics;scholar;education_scholar_41;10;Educational Data Mining & Learning Analytics;dasci.es;7;5;6;5;5;5.6;низкий;blog;Нет;2024
EDUCATION_162;https://www.frontlineeducation.com/the-complete-guide-to-data-based-decision-support-systems;scholar;education_scholar_20;10;The Complete Guide to Data-Based Decision Support Systems;www.frontlineeducation.com;10;5;6;5;5;6.2;средний;blog;Нет;2024
EDUCATION_163;https://pubmed.ncbi.nlm.nih.gov/41689822;scholar;education_scholar_1;10;Parents' Decisions Regarding Digital Media Use by Their Children Under Three Years Old in the United;pubmed.ncbi.nlm.nih.gov;9;5;10;5;5;6.8;средний;blog;Нет;2026
EDUCATION_164;https://www.preprints.org/manuscript/202503.0603;scholar;education_scholar_30;10;A Model for Educational Technology Adoption in;www.preprints.org;7;5;10;5;5;6.4;средний;blog;Нет;2025
EDUCATION_165;https://www.waldenu.edu/online-masters-programs/ms-in-leadership/resource/what-are-models-of-decision-making;scholar;education_scholar_21;10;What Are Models of Decision-Making?;www.waldenu.edu;8;5;6;5;5;5.8;низкий;blog;Нет;2024
EDUCATION_166;https://www.sciencedirect.com/science/article/pii/S2666374024001146;scholar;education_scholar_31;10;Applications of learning analytics in the study of academic;www.sciencedirect.com;7;9;6;9;5;7.2;средний;academic;Нет;2024
EDUCATION_167;https://ru.wikipedia.org/wiki/%D0%A1%D0%B8%D1%81%D1%82%D0%B5%D0%BC%D0%B0_%D1%83%D0%BF%D1%80%D0%B0%D0%B2%D0%BB%D0%B5%D0%BD%D0%B8%D1%8F_%D0%BE%D0%B1%D1%83%D1%87%D0%B5%D0%BD%D0%B8%D0%B5%D0%BC;yandex;education_yandex_31;1;Система управления обучением;ru.wikipedia.org;9;5;6;5;5;6.0;средний;blog;Нет;2024
EDUCATION_168;https://educationschool.ru/learning-analytics;yandex;education_yandex_32;1;Образовательная аналитика: как использовать данные;educationschool.ru;7;5;6;5;5;5.6;низкий;blog;Нет;2024
EDUCATION_169;https://cyberleninka.ru/article/n/sovremennye-obrazovatelnye-tehnologii-est-li-vybor;yandex;education_yandex_30;1;Современные образовательные технологии - есть ли;cyberleninka.ru;6;9;6;9;5;7.0;средний;academic;Нет;2024
EDUCATION_170;https://tkskt.ru/wp-content/uploads/2019/05/poplyovina-v.a..-pedagogika.pdf;yandex;education_yandex_22;1;Учебно-методическое пособие для решения;tkskt.ru;7;5;6;5;6;5.8;низкий;blog;Нет;2024
EDUCATION_171;https://ioe.hse.ru/digitalineducation;yandex;education_yandex_21;1;Цифровые технологии в образовании: как современные;ioe.hse.ru;7;5;6;5;5;5.6;низкий;blog;Нет;2024
EDUCATION_172;https://www.kp.ru/putevoditel/obrazovanie/luchshie-kursy-po-analitike-dannykh;yandex;education_yandex_43;1;20+ лучших онлайн-курсов по аналитике данных 2025;www.kp.ru;8;5;10;5;5;6.6;средний;blog;Нет;2025
EDUCATION_173;https://sberuniversity.ru/edutech-club/lab/glossary/390;yandex;education_yandex_40;1;Адаптивное обучение – Словарь-справочник по;sberuniversity.ru;6;5;6;5;5;5.4;низкий;blog;Нет;2024
EDUCATION_174;https://www.consultant.ru/document/cons_doc_LAW_140174/07b2a433c35195c28c56a221a970dc3ce333fade;yandex;education_yandex_41;1;Статья 98. Информационные системы в;www.consultant.ru;7;5;6;5;5;5.6;низкий;blog;Нет;2024
EDUCATION_175;https://www.hse.ru/edu/courses/1048921217;yandex;education_yandex_1;1;Управленческие решения и бизнес-логика – Учебные курсы - Высшая школа экономики;www.hse.ru;9;5;6;5;5;6.0;средний;blog;Нет;2024
EDUCATION_176;https://studfile.net/preview/6023872/page:34;yandex;education_yandex_20;1;2.1.2. Технология решения педагогических задач;studfile.net;7;5;6;5;5;5.6;низкий;blog;Нет;2024
EDUCATION_177;https://www.sap.com/central-asia-caucasus/products/hcm/corporate-lms/what-is-lms.html;yandex;education_yandex_31;2;Что такое система управления обучением (LMS)?;www.sap.com;7;5;6;5;5;5.6;низкий;blog;Нет;2024
EDUCATION_178;http://eduanalytics.ru;yandex;education_yandex_32;2;Аналитика образования;eduanalytics.ru;6;5;6;5;6;5.6;низкий;blog;Нет;2024
EDUCATION_179;https://www.ranepa.ru/blog/obrazovanie-i-samorazvitie/obrazovatelnye-tekhnologii-chto-eto-kakie-byvayut-chto-vkhodit-v-tekhnologiyu-primery;yandex;education_yandex_30;2;Образовательные технологии: что это, какие бывают,;www.ranepa.ru;7;5;8;5;6;6.2;средний;blog;Нет;2023
EDUCATION_180;https://ddutvyborg.spb.ru/wp-content/uploads/2017/11/%D0%9C%D0%B5%D1%82%D0%BE%D0%B4%D1%8B-%D0%B8-%D0%BC%D0%B5%D1%82%D0%BE%D0%B4%D0%B8%D0%BA%D0%B0-%D0%BF%D0%B5%D0%B4%D0%B0%D0%B3%D0%BE%D0%B3%D0%B8%D1%87%D0%B5%D1%81%D0%BA%D0%BE%D0%B3%D0%BE-%D0%B8%D1%81%D1%81%D0%BB%D0%B5%D0%B4%D0%BE%D0%B2%D0%B0%D0%BD%D0%B8%D1%8F-%D0%BC%D0%B0%D1%82%D0%B5%D1%80%D0%B8%D0%B0%D0%BB-%D0%B4%D0%BB%D1%8F-%D1%81%D0%B0%D0%BC%D0%BE%D0%BE%D0%B1%D1%80%D0%B0%D0%B7%D0%BE%D0%B2%D0%B0%D0%BD%D0%B8%D1%8F-1.pdf;yandex;education_yandex_22;2;Методы и методика педагогического исследования.;ddutvyborg.spb.ru;8;5;6;5;6;6.0;средний;blog;Нет;2024
EDUCATION_181;https://skillspace.ru/blog/chto-takoe-cifrovizaciya-obrazovaniya-i-zachem-ona-nuzhna;yandex;education_yandex_21;2;Что такое цифровизация образования и зачем она нужна;skillspace.ru;7;5;6;5;5;5.6;низкий;blog;Нет;2024
EDUCATION_182;https://www.rbc.ru/courses/analytics;yandex;education_yandex_43;2;Курсы по аналитике и работе с данными;www.rbc.ru;10;5;6;5;5;6.2;средний;blog;Нет;2024
EDUCATION_183;https://skillbox.ru/media/education/adaptivnoe-obuchenie-chto-eto-i-zachem-nuzhno;yandex;education_yandex_40;2;Адаптивное обучение: что это и зачем нужно;skillbox.ru;6;5;7;5;6;5.8;низкий;blog;Нет;2022
EDUCATION_184;https://minobrnauki.gov.ru/action/infosystems;yandex;education_yandex_41;2;Информационные системы;minobrnauki.gov.ru;7;5;6;5;5;5.6;низкий;blog;Нет;2024
EDUCATION_185;https://cyberleninka.ru/article/n/metody-analiza-obrazovatelnyh-dannyh-i-sposoby-ih-primeneniya-v-pedagogicheskoy-i-upravlencheskoy-praktike-v-sfere-obrazovaniya;yandex;education_yandex_42;2;Методы анализа образовательных данных и способы;cyberleninka.ru;7;9;5;9;7;7.4;средний;academic;Нет;2020
EDUCATION_186;https://www.skolkovo.ru/programmes/kommunikaciya-upravlencheskih-reshenij;yandex;education_yandex_1;2;Коммуникация управленческих решений - 07 апреля 2026 года - 'Школа управления СКОЛКОВО';www.skolkovo.ru;7;5;10;5;5;6.4;средний;blog;Нет;2026
EDUCATION_187;https://kontur.ru/talk/spravka/48285-lms_sistema;yandex;education_yandex_31;3;LMS-система: что это такое, кому нужна, виды, как;kontur.ru;10;5;6;5;5;6.2;средний;blog;Нет;2024
EDUCATION_188;https://sberuniversity.ru/upload/edutech/magazine-edutech/edutech-46/EduTech_46_web.pdf;yandex;education_yandex_32;3;Аналитика обучения: о чем молчат данные?;sberuniversity.ru;9;5;6;5;6;6.2;средний;blog;Нет;2024
EDUCATION_189;https://olimp-plus.ru/blog/sovremennye-tekhnologii-v-obrazovanii;yandex;education_yandex_30;3;Технологии в образовании: Как инновации меняют;olimp-plus.ru;6;5;10;5;5;6.2;средний;blog;Нет;2025
EDUCATION_190;https://mitm.institute/journal--pedagogicheskoe-obrazovanie--pedagogicheskie-issledovaniya-kakie-metody-pomogayut-dostich-uspeha-v-obuchenii;yandex;education_yandex_22;3;Педагогические исследования: какие методы помогают;mitm.institute;7;5;9;5;6;6.4;средний;blog;Нет;2024
EDUCATION_191;https://cyberleninka.ru/article/n/tsifrovoe-obrazovanie-v-sovremennom-obschestve;yandex;education_yandex_21;3;ЦИФРОВОЕ ОБРАЗОВАНИЕ В СОВРЕМЕННОМ;cyberleninka.ru;8;9;8;9;5;7.8;средний;academic;Нет;2023
EDUCATION_192;https://career.habr.com/courses/analitika;yandex;education_yandex_43;3;ТОП онлайн-курсов по аналитике;career.habr.com;7;5;6;5;5;5.6;низкий;blog;Нет;2024
EDUCATION_193;https://kpfu.ru/portal/docs/F1862933132/DAJDZhEST.mart.pdf;yandex;education_yandex_40;3;Адаптивное обучение;kpfu.ru;7;5;6;5;5;5.6;низкий;blog;Нет;2024
EDUCATION_194;https://isobr.academy;yandex;education_yandex_41;3;Информационные системы в образовании - Обучение;isobr.academy;8;5;6;5;5;5.8;низкий;blog;Нет;2024
EDUCATION_195;https://narodnoe.org/journals/shkolnie-tehnologii/2020-1/metodi-analiza-obrazovatelnih-dannih-i-sposobi-ih-primeneniya-v-pedagogicheskoiy-i-upravlencheskoiy-praktike-v-sfere-obrazovaniya;yandex;education_yandex_42;3;Методы анализа образовательных данных и способы;narodnoe.org;7;5;6;5;7;6.0;средний;blog;Нет;2024
EDUCATION_196;https://expeducation.ru/article/view?id=4503;yandex;education_yandex_1;3;РАЗРАБОТКА УПРАВЛЕНЧЕСКИХ РЕШЕНИЙ (МУЛЬТИМЕДИЙНЫЙ ЭЛЕКТРОННЫЙ УЧЕБНО-МЕТОДИЧЕСКИЙ КОМПЛЕКС);expeducation.ru;10;5;6;5;6;6.4;средний;blog;Нет;2024
EDUCATION_197;https://www.in-aim.ru/blog/chto-takoe-obrazovatelnaya-platforma-lms-i-kak-s-ee-pomoshchyu-upravlyat-obucheniem;yandex;education_yandex_31;4;Системы управления обучением (LMS): виды, функции;www.in-aim.ru;9;5;9;5;5;6.6;средний;blog;Нет;2024
EDUCATION_198;https://ioe.hse.ru/sovaobr;yandex;education_yandex_32;4;Серия «Современная аналитика образования;ioe.hse.ru;8;5;6;5;5;5.8;низкий;blog;Нет;2024
EDUCATION_199;https://4brain.ru/blog/buduschee-obrazovatelnyh-tehnologii-perspektivy-i-vozmozhnosti;yandex;education_yandex_30;4;Будущее образовательных технологий: перспективы и;4brain.ru;6;5;9;5;5;6.0;средний;blog;Нет;2024
EDUCATION_200;https://cyberleninka.ru/article/n/etapy-resheniya-pedagogicheskoy-zadachi;yandex;education_yandex_22;4;ЭТАПЫ РЕШЕНИЯ ПЕДАГОГИЧЕСКОЙ ЗАДАЧИ – тема;cyberleninka.ru;6;9;6;9;5;7.0;средний;academic;Нет;2024
EDUCATION_201;https://moscow.mba/programs/course/online/cifrovaya-transformaciya-obrazovaniya-tehnologii-i-innovacii;yandex;education_yandex_21;4;Цифровые технологии в образовании: курс повышения;moscow.mba;7;5;6;5;5;5.6;низкий;blog;Нет;2024
EDUCATION_202;https://karpov.courses/analytics;yandex;education_yandex_43;4;Курс Аналитик данных – Обучение с нуля в онлайн;karpov.courses;8;5;6;5;5;5.8;низкий;blog;Нет;2024
EDUCATION_203;https://cyberleninka.ru/article/n/obzor-i-analiz-tehnologiy-dlya-adaptivnogo-obucheniya;yandex;education_yandex_40;4;ОБЗОР И АНАЛИЗ ТЕХНОЛОГИЙ ДЛЯ АДАПТИВНОГО;cyberleninka.ru;7;9;7;9;5;7.4;средний;academic;Нет;2022
EDUCATION_204;https://moodle.kstu.ru/mod/resource/view.php?id=64227;yandex;education_yandex_41;4;Информационные системы в образовании;moodle.kstu.ru;8;5;6;5;5;5.8;низкий;blog;Нет;2024
EDUCATION_205;https://falconediting.com/ru/blog/analiz-obrazovatelnykh-dannykh-povyshenie-rezultatov-obucheniia-s-pomoshchiu-insaitov;yandex;education_yandex_42;4;Повышение результатов обучения с помощью инсайтов;falconediting.com;6;5;8;5;5;5.8;низкий;blog;Нет;2023
EDUCATION_206;https://teachbase.ru/learning/prinyatie-upravlencheskikh-reshenij;yandex;education_yandex_1;4;Принятие управленческих решений: методы, этапы и роль корпоративного обучения;teachbase.ru;9;5;6;5;6;6.2;средний;blog;Нет;2024
EDUCATION_207;https://www.work5.ru/spravochnik/pedagogika/pedagogicheskaja_zadacha_primer_reshenija_dlja_usp;yandex;education_yandex_20;4;Пример решения педагогических задач для успешного;www.work5.ru;6;5;9;5;5;6.0;средний;blog;Нет;2024
EDUCATION_208;https://learn.microsoft.com/ru-ru/microsoft-365/education/guide/1-reference/baseline-reference-lms;yandex;education_yandex_31;5;Системы управления обучением (LMS) - M365 Education;learn.microsoft.com;8;7;10;7;5;7.4;средний;industry;Нет;2025
EDUCATION_209;https://ru.wikipedia.org/wiki/%D0%90%D0%BD%D0%B0%D0%BB%D0%B8%D0%B7_%D0%B4%D0%B0%D0%BD%D0%BD%D1%8B%D1%85_%D0%B2_%D0%BE%D0%B1%D1%80%D0%B0%D0%B7%D0%BE%D0%B2%D0%B0%D0%BD%D0%B8%D0%B8;yandex;education_yandex_32;5;Анализ данных в образовании;ru.wikipedia.org;7;5;6;5;5;5.6;низкий;blog;Нет;2024
EDUCATION_210;https://portal.tpu.ru/SHARED/k/KAV47/education/Tab2/pt_v_t.pdf;yandex;education_yandex_30;5;Современные образовательные технологии;portal.tpu.ru;7;5;6;5;5;5.6;низкий;blog;Нет;2024
EDUCATION_211;https://nsportal.ru/shkola/materialy-metodicheskikh-obedinenii/library/2022/11/24/metodicheskiy-material-reshenie;yandex;education_yandex_22;5;"Методический материал ""Решение педагогических задач""";nsportal.ru;8;5;7;5;6;6.2;средний;blog;Нет;2022
EDUCATION_212;https://skillbox.ru/media/education/chto-takoe-tsifrovizatsiya-obrazovaniya-i-zachem-ona-nuzhna;yandex;education_yandex_21;5;Что такое цифровизация образования и зачем она нужна;skillbox.ru;7;5;8;5;6;6.2;средний;blog;Нет;2023
EDUCATION_213;https://skillbox.ru/courses/analitika;yandex;education_yandex_43;5;Онлайн курсы по аналитике | 30+ курсов и профессий;skillbox.ru;6;5;6;5;5;5.4;низкий;blog;Нет;2024
EDUCATION_214;https://www.sviaz-expo.ru/ru/articles/novye-informacionnye-tehnologii-v-obrazovanii;yandex;education_yandex_41;5;Новые информационные технологии в образовании;www.sviaz-expo.ru;7;5;6;5;5;5.6;низкий;blog;Нет;2024
EDUCATION_215;https://www.researchgate.net/publication/342411964_Analiz_obrazovatelnyh_dannyh_napravlenia_i_perspektivy_primenenia;yandex;education_yandex_42;5;(PDF) Анализ образовательных данных: направления и;www.researchgate.net;7;9;6;9;5;7.2;средний;academic;Нет;2024
EDUCATION_216;https://emreview.ru/index.php/emr/article/view/1475/1252;yandex;education_yandex_1;5;[PDF] ПРОФЕССИОНАЛИЗАЦИЯ УПРАВЛЕНЧЕСКОГО ОБРАЗОВАНИЯ;emreview.ru;7;5;6;5;6;5.8;низкий;blog;Нет;2024
EDUCATION_217;https://cyberleninka.ru/article/n/k-voprosu-o-reshenii-pedagogicheskih-zadach;yandex;education_yandex_20;5;К ВОПРОСУ О РЕШЕНИИ ПЕДАГОГИЧЕСКИХ ЗАДАЧ;cyberleninka.ru;7;9;8;9;5;7.6;средний;academic;Нет;2023
EDUCATION_218;https://sberuniversity.ru/edutech-club/lab/glossary/904;yandex;education_yandex_31;6;Система управления обучением – Словарь-справочник;sberuniversity.ru;10;5;6;5;5;6.2;средний;blog;Нет;2024
EDUCATION_219;https://www.fa.ru/university/structure/university/uso/press-service/press-releases/analitika-v-obrazovanii-dannye-vozmozhnosti-i-mezhdunarodnoe-sravnenie;yandex;education_yandex_32;6;Аналитика в образовании: данные, возможности и;www.fa.ru;8;5;10;5;5;6.6;средний;blog;Нет;2025
EDUCATION_220;https://mozhga.ecvdo.ru/states/top-5-innovacionnyh-obrazovatelnyh-tehnologij-kotorye-menyayut-igru;yandex;education_yandex_30;6;Топ-5 инновационных образовательных технологий;mozhga.ecvdo.ru;8;5;6;5;5;5.8;низкий;blog;Нет;2024
EDUCATION_221;https://4brain.ru/pedagogika/new-methods.php;yandex;education_yandex_22;6;Урок 5. Современные методы обучения;4brain.ru;6;5;6;5;6;5.6;низкий;blog;Нет;2024
EDUCATION_222;https://dspace.tltsu.ru/bitstream/123456789/32066/1/Enik%201-50-23_EUMI_Z.pdf;yandex;education_yandex_21;6;ТЕХНОЛОГИИ ЦИФРОВОГО ОБРАЗОВАНИЯ;dspace.tltsu.ru;7;5;10;5;5;6.4;средний;blog;Нет;2025
EDUCATION_223;https://vc.ru/courses/analytics;yandex;education_yandex_43;6;Топ курсов по аналитике данных: обучение работе data;vc.ru;9;5;10;5;5;6.8;средний;blog;Нет;2026
EDUCATION_224;https://elib.psu.by/bitstream/123456789/23950/6/%D0%9B%D0%B5%D0%BA%D1%86%D0%B8%D1%8F%204.2%20%D0%90%D0%B4%D0%B0%D0%BF%D1%82%D0%B8%D0%B2%D0%BD%D0%BE%D0%B5%20%D0%BE%D0%B1%D1%83%D1%87%D0%B5%D0%BD%D0%B8%D0%B5.pdf;yandex;education_yandex_40;6;Лекция 4.2 Адаптивное обучение.pdf;elib.psu.by;6;5;6;5;5;5.4;низкий;blog;Нет;2024
EDUCATION_225;https://cyberleninka.ru/article/n/obrazovatelnye-informatsionnye-sistemy-kak-obekt-analiza;yandex;education_yandex_41;6;ОБРАЗОВАТЕЛЬНЫЕ ИНФОРМАЦИОННЫЕ СИСТЕМЫ;cyberleninka.ru;8;9;9;9;5;8.0;высокий;academic;Нет;2024
EDUCATION_226;https://stepik.org/course/107444/info;yandex;education_yandex_1;6;Методы принятия управленческих решений - Stepik;stepik.org;9;5;6;5;6;6.2;средний;blog;Нет;2024
EDUCATION_227;https://niidpo.ru/blog/kratkiy-obzor-metodov-pedagogiki-chto-ispolzovat-sovremennomu-uchitelyu;yandex;education_yandex_20;6;Методы в педагогики: какие методы обучения;niidpo.ru;7;5;5;5;6;5.6;низкий;blog;Нет;2020
EDUCATION_228;https://www.ispring.ru/elearning-insights/6-best-lms-in-russia-by-users-opinion;yandex;education_yandex_31;7;6 лучших платформ для обучения по мнению;www.ispring.ru;6;5;6;5;5;5.4;низкий;blog;Нет;2024
EDUCATION_229;https://www.vedomosti.ru/press_releases/2025/10/17/analitika-v-obrazovanii-dannie-vozmozhnosti-i-mezhdunarodnoe-sravnenie;yandex;education_yandex_32;7;Аналитика в образовании: данные, возможности и;www.vedomosti.ru;10;5;10;5;5;7.0;средний;blog;Нет;2025
EDUCATION_230;https://s-ba.ru/conf-posts-2022-10/tpost/43ogxbbm01-vidi-obrazovatelnih-tehnologii-proektnay;yandex;education_yandex_30;7;ВИДЫ ОБРАЗОВАТЕЛЬНЫХ ТЕХНОЛОГИЙ.;s-ba.ru;6;5;6;5;5;5.4;низкий;blog;Нет;2024
EDUCATION_231;https://skillbox.ru/media/education/kakie-byvayut-metody-obucheniya-ot-klassicheskikh-do-sovremennykh;yandex;education_yandex_22;7;Какие бывают методы обучения: от классических до;skillbox.ru;6;5;7;5;6;5.8;низкий;blog;Нет;2022
EDUCATION_232;https://www.researchgate.net/publication/367445553_Cifrovye_obrazovatelnye_tehnologii_v_obucenii_inostrannym_azykam_v_vuze;yandex;education_yandex_21;7;Цифровые образовательные технологии в обучении;www.researchgate.net;7;9;6;9;5;7.2;средний;academic;Нет;2024
EDUCATION_233;https://data.1t.ru/c/fox.html;yandex;education_yandex_43;7;Аналитик данных: онлайн-курс за 3 месяца с оплатой от;data.1t.ru;8;5;6;5;6;6.0;средний;blog;Нет;2024
EDUCATION_234;https://pedpsyjournal.mgpu.ru/wp-content/uploads/sites/7/2022/11/selezneva-n-n.pdf;yandex;education_yandex_40;7;ТРАНСФОРМАЦИЯ АДАПТИВНЫХ ТЕХНОЛОГИЙ;pedpsyjournal.mgpu.ru;6;5;7;5;5;5.6;низкий;blog;Нет;2022
EDUCATION_235;https://obrnadzor.gov.ru/o-rosobrnadzore/informaczionnye-resursy/informaczionnye-sistemy-resursy;yandex;education_yandex_41;7;Информационные системы/ресурсы - Рособрнадзор;obrnadzor.gov.ru;7;5;6;5;5;5.6;низкий;blog;Нет;2024
EDUCATION_236;https://ioe.hse.ru/pubs/share/direct/547495575.pdf;yandex;education_yandex_42;7;ОБРАЗОВАТЕЛЬНАЯ АНАЛИТИКА - Институт образования;ioe.hse.ru;8;5;6;5;5;5.8;низкий;blog;Нет;2024
EDUCATION_237;https://www.ranepa.ru/bakalavriat/napravleniya-i-programmy/010289;yandex;education_yandex_1;7;Продюсирование и управление медиапроектами - 42.03.05 Медиакоммуникации, форма обучения Очная, Догов;www.ranepa.ru;8;5;6;5;5;5.8;низкий;blog;Нет;2024
EDUCATION_238;https://moodle.herzen.spb.ru/mod/resource/view.php?id=1112678;yandex;education_yandex_20;7;Решение педагогических задач;moodle.herzen.spb.ru;6;5;6;5;5;5.4;низкий;blog;Нет;2024
EDUCATION_239;https://soware.ru/categories/learning-management-systems;yandex;education_yandex_31;8;Системы управления обучением (LMS);soware.ru;7;5;6;5;5;5.6;низкий;blog;Нет;2024
EDUCATION_240;https://skillbox.ru/media/education/vshe-i-skyeng-rasskazali-zachem-nuzhna-obrazovatelnaya-analitika-i-kak-eyu-polzovatsya;yandex;education_yandex_32;8;Как Skyeng ведёт образовательную аналитику;skillbox.ru;7;5;7;5;5;5.8;низкий;blog;Нет;2022
EDUCATION_241;https://xn--80aafddeha2b5alvgi5en5j.xn--p1ai/wp-content/uploads/2022/02/met5.pdf;yandex;education_yandex_30;8;«Современные образовательные технологии в системе;xn--80aafddeha2b5alvgi5en5j.xn--p1ai;7;5;6;5;5;5.6;низкий;blog;Нет;2024
EDUCATION_242;https://si-sv.com/Posobiya/ped_tekh/ped_zadachi/Beyizerov_V-105_keyisov_po_pedagogike.html;yandex;education_yandex_22;8;105 кейсов по педагогике. Педагогические задачи и;si-sv.com;7;5;6;5;6;5.8;низкий;blog;Нет;2024
EDUCATION_243;https://maikopvest.elpub.ru/jour/article/view/10;yandex;education_yandex_21;8;Цифровые технологии в образовании | Козлова;maikopvest.elpub.ru;7;5;6;5;5;5.6;низкий;blog;Нет;2024
EDUCATION_244;https://eduson.academy/catalogue/analytics;yandex;education_yandex_43;8;Аналитика - Онлайн курсы Eduson Academy;eduson.academy;7;5;6;5;6;5.8;низкий;blog;Нет;2024
EDUCATION_245;https://super-sad.org/sposoby-uluchsheniya/adaptivnye-obuchayushchie-sistemy-principy-raboty-i-primery-luchshih-praktik;yandex;education_yandex_40;8;Адаптивные обучающие системы: Принципы работы и;super-sad.org;8;5;6;5;6;6.0;средний;blog;Нет;2024
EDUCATION_246;https://adilet.zan.kz/rus/docs/V080005343_;yandex;education_yandex_41;8;Об утверждении Правил организации и;adilet.zan.kz;8;5;6;5;6;6.0;средний;blog;Нет;2024
EDUCATION_247;https://ru.linkedin.com/pulse/data-analysis-education-how-data-driven-improves-b-courtney-ed-d--5k0uc?tl=ru;yandex;education_yandex_42;8;Анализ данных в образовании: как принятие решений;ru.linkedin.com;8;5;6;5;5;5.8;низкий;media;Нет;2024
EDUCATION_248;http://books.ifmo.ru/book/664/book_664.htm;yandex;education_yandex_1;8;Управленческие решения: Учебное пособие.;books.ifmo.ru;7;5;6;5;5;5.6;низкий;blog;Нет;2024
EDUCATION_249;https://e.lanbook.com/book/433475;yandex;education_yandex_20;8;Решение педагогических задач. В 2 ч. Ч. 1: учебное пособие;e.lanbook.com;7;5;6;5;6;5.8;низкий;blog;Нет;2024
EDUCATION_250;https://service.gasu.ru/course_only/courset2.html;yandex;education_yandex_31;9;Что такое LMS - Цифровые сервисы ГАГУ;service.gasu.ru;9;5;6;5;5;6.0;средний;blog;Нет;2024
EDUCATION_251;https://scispace.com/pdf/sovremennaia-analitika-obrazovaniia-2tavqslw6b.pdf;yandex;education_yandex_32;9;Современная аналитика образования;scispace.com;7;5;6;5;5;5.6;низкий;blog;Нет;2024
EDUCATION_252;https://medvedsosh1.narod.ru/Doc/fgos/METODIKA/obrazovatelnye_tekhnologii_po_fgos.pdf;yandex;education_yandex_30;9;Образовательные технологии по ФГОС;medvedsosh1.narod.ru;7;5;6;5;5;5.6;низкий;blog;Нет;2024
EDUCATION_253;https://studfile.net/preview/10633686/page:22;yandex;education_yandex_22;9;45. Технология решения педагогических задач. Оценка;studfile.net;7;5;10;5;5;6.4;средний;blog;Нет;2025
EDUCATION_254;https://skolkovo-resident.ru/vnedrenie-cifrovyh-reshenij-v-obrazovatelnyj-process;yandex;education_yandex_21;9;Внедрение цифровых решений в образовательный;skolkovo-resident.ru;8;5;9;5;6;6.6;средний;blog;Нет;2024
EDUCATION_255;https://www.cossa.ru/onlinekursy/345490;yandex;education_yandex_43;9;[ТОП-16] онлайн-курсов по анализу данных +Бесплатные;www.cossa.ru;7;5;10;5;5;6.4;средний;blog;Нет;2025
EDUCATION_256;https://prezi.com/p/cxztrr--ch42/presentation;yandex;education_yandex_40;9;Адаптивное обучение - Елена Никитенко;prezi.com;6;5;6;5;5;5.4;низкий;blog;Нет;2024
EDUCATION_257;https://unnju.narod.ru/s11.htm;yandex;education_yandex_41;9;Информационные системы управления в образовании;unnju.narod.ru;8;5;6;5;5;5.8;низкий;blog;Нет;2024
EDUCATION_258;https://elib.bsu.by/bitstream/123456789/259877/1/119-122.pdf;yandex;education_yandex_42;9;использование анализа данных в образовании;elib.bsu.by;6;5;5;5;5;5.2;низкий;blog;Нет;2020
EDUCATION_259;https://mic.org.ru/vyp/teoriya-media-i-mediaobrazovaniya/neobkhodimost-mediaobrazovaniya-v-usloviyakh-sovremennoy-mediasredy;yandex;education_yandex_1;9;Необходимость медиаобразования в условиях современной медиасреды;mic.org.ru;9;5;6;5;5;6.0;средний;blog;Нет;2024
EDUCATION_260;https://pedagogam1.ru/pedagogicheskie-situacii;yandex;education_yandex_20;9;Решение педагогических ситуаций — примеры и ответы;pedagogam1.ru;6;5;6;5;6;5.6;низкий;blog;Нет;2024
EDUCATION_261;https://kokoc.com/blog/lms-sistemy;yandex;education_yandex_31;10;LMS-система: что это + ТОП-5 примеров, как выбрать;kokoc.com;10;5;10;5;5;7.0;средний;blog;Нет;2025
EDUCATION_262;https://blog.rt.ru/b2c/chto-takoe-obrazovatelnaya-analitika.htm;yandex;education_yandex_32;10;Что такое образовательная аналитика;blog.rt.ru;7;5;6;5;5;5.6;низкий;blog;Нет;2024
EDUCATION_263;https://7universum.com/ru/psy/archive/item/10656;yandex;education_yandex_30;10;Новые образовательные технологии в системе высшей;7universum.com;7;5;5;5;5;5.4;низкий;blog;Нет;2020
EDUCATION_264;https://urgaps.ru/blog/metody-pedagogiki-kakie-sushestvuyut-i-kak-gramotno-ih-ispolzovat;yandex;education_yandex_22;10;Какие педагогические методы стоит использовать сегодня;urgaps.ru;7;5;10;5;7;6.8;средний;blog;Нет;2025
EDUCATION_265;https://www.semanticscholar.org/paper/%D0%A2%D0%95%D0%A5%D0%9D%D0%9E%D0%9B%D0%9E%D0%93%D0%98%D0%98-%D0%A6%D0%98%D0%A4%D0%A0%D0%9E%D0%92%D0%9E%D0%93%D0%9E-%D0%9E%D0%91%D0%A0%D0%90%D0%97%D0%9E%D0%92%D0%90%D0%9D%D0%98%D0%AF-%D0%93%D0%BB%D0%BE%D1%82%D0%BE%D0%B2%D0%B0-%D0%A1%D0%B0%D0%BC%D0%BE%D1%85%D0%B2%D0%B0%D0%BB%D0%BE%D0%B2%D0%B0/a60fe2aba641fd0797e410b3f8cb03c8bf5a913b;yandex;education_yandex_21;10;ТЕХНОЛОГИИ ЦИФРОВОГО ОБРАЗОВАНИЯ;www.semanticscholar.org;7;9;6;9;5;7.2;средний;academic;Нет;2024
EDUCATION_266;https://dtf.ru/luchshii-rating/3397265-top-10-kursov-analitika-dannyh-dlya-onlain-obucheniya-s-nulya-v-2025-godu;yandex;education_yandex_43;10;ТОП-10 курсов Аналитика данных для онлайн обучения;dtf.ru;7;5;10;5;5;6.4;средний;blog;Нет;2025
EDUCATION_267;https://libeldoc.bsuir.by/bitstream/123456789/54962/1/Levin_Tekhnologii.pdf;yandex;education_yandex_40;10;261 ТЕХНОЛОГИИ В АДАПТИВНОМ ОБУЧЕНИИ;libeldoc.bsuir.by;6;5;9;5;5;6.0;средний;blog;Нет;2024
EDUCATION_268;http://www.giac.by/eye-ru/deyatelnost/it-razrabotka/informatsionnye-sistemy.php;yandex;education_yandex_41;10;Информационные системы;www.giac.by;9;5;6;5;5;6.0;средний;blog;Нет;2024
EDUCATION_269;https://psyjournals.ru/nonserialpublications/dhte2021/contents/dhte2021_Toktarova_Popova.pdf;yandex;education_yandex_42;10;Интеллектуальный анализ образовательных данных;psyjournals.ru;6;5;5;5;5;5.2;низкий;blog;Нет;2021
EDUCATION_270;https://ru.wikipedia.org/wiki/%D0%9C%D0%B5%D0%B4%D0%B8%D0%B0%D0%BE%D0%B1%D1%80%D0%B0%D0%B7%D0%BE%D0%B2%D0%B0%D0%BD%D0%B8%D0%B5;yandex;education_yandex_1;10;Медиаобразование - Википедия;ru.wikipedia.org;7;5;6;5;5;5.6;низкий;blog;Нет;2024
